title,book,chapter_num,publish_datetime,publish_date,words,views_at_scrape_time
Embers - 01,Embers,1,2026-02-14 14:26,2026-02-14,1386,3250
Embers - 02,Embers,2,2026-02-15 17:26,2026-02-15,1233,1887
Embers - 03,Embers,3,2026-02-15 17:27,2026-02-15,730,1651
Embers - 04,Embers,4,2026-02-15 17:27,2026-02-15,776,1577
Embers - 05,Embers,5,2026-02-15 17:28,2026-02-15,1060,1668
Embers - 06,Embers,6,2026-02-15 17:28,2026-02-15,1306,1594
Embers - 07,Embers,7,2026-02-15 17:29,2026-02-15,1039,1591
Embers - 08,Embers,8,2026-02-15 17:29,2026-02-15,1573,1527
Embers - 09,Embers,9,2026-02-15 17:30,2026-02-15,1276,1406
Embers - 10,Embers,10,2026-02-15 17:31,2026-02-15,985,1338
Embers - 11,Embers,11,2026-02-15 17:31,2026-02-15,882,1279
Embers - 12,Embers,12,2026-02-16 16:55,2026-02-16,1415,1345
Embers - 13,Embers,13,2026-02-16 18:33,2026-02-16,1204,1321
Embers - 14,Embers,14,2026-02-16 20:11,2026-02-16,982,1256
Embers - 15,Embers,15,2026-02-16 22:42,2026-02-16,1317,1269
Embers - 16,Embers,16,2026-02-16 22:54,2026-02-16,1051,1347
Embers - 17,Embers,17,2026-02-16 23:13,2026-02-16,897,1236
Embers - 18,Embers,18,2026-02-16 23:20,2026-02-16,982,1213
Embers - 19,Embers,19,2026-02-16 23:27,2026-02-16,878,1182
Embers - 20,Embers,20,2026-02-16 23:58,2026-02-16,1375,1338
Embers - 21,Embers,21,2026-02-17 00:46,2026-02-17,1573,1188
Embers - 22,Embers,22,2026-02-17 00:53,2026-02-17,899,1140
Embers - 23,Embers,23,2026-02-17 01:09,2026-02-17,1140,1177
Embers - 24,Embers,24,2026-02-17 01:23,2026-02-17,1040,1165
Embers - 25,Embers,25,2026-02-17 01:32,2026-02-17,1098,1140
Embers - 26,Embers,26,2026-02-17 01:47,2026-02-17,991,1084
Embers - 27,Embers,27,2026-02-17 01:59,2026-02-17,1092,1107
Embers - 28,Embers,28,2026-02-17 02:15,2026-02-17,755,1101
Embers - 29,Embers,29,2026-02-17 02:25,2026-02-17,979,1093
Embers - 30,Embers,30,2026-02-17 02:38,2026-02-17,912,1086
Embers - 31,Embers,31,2026-02-17 02:51,2026-02-17,809,1060
Embers - 32,Embers,32,2026-02-17 03:26,2026-02-17,1056,1057
Embers - 33,Embers,33,2026-02-17 13:05,2026-02-17,857,1060
Embers - 34,Embers,34,2026-02-17 13:25,2026-02-17,1142,1080
Embers - 35,Embers,35,2026-02-17 13:47,2026-02-17,1124,1013
Embers - 36,Embers,36,2026-02-17 14:24,2026-02-17,1044,1019
Embers - 37,Embers,37,2026-02-17 14:43,2026-02-17,424,1045
Embers - 38,Embers,38,2026-02-17 19:10,2026-02-17,1113,1033
Embers - 39,Embers,39,2026-02-17 23:02,2026-02-17,1180,1100
Embers - 40,Embers,40,2026-02-17 23:18,2026-02-17,919,1058
Embers - 41,Embers,41,2026-02-17 23:28,2026-02-17,1007,1029
Embers - 42,Embers,42,2026-02-17 23:40,2026-02-17,1150,1046
Embers - 43,Embers,43,2026-02-18 10:53,2026-02-18,1128,1055
Embers - 44,Embers,44,2026-02-18 11:16,2026-02-18,1238,1054
Embers - 45,Embers,45,2026-02-18 15:16,2026-02-18,1344,1052
Embers - 46,Embers,46,2026-02-18 15:39,2026-02-18,967,997
Embers - 47,Embers,47,2026-02-18 15:58,2026-02-18,885,1008
Embers - 48,Embers,48,2026-02-18 16:10,2026-02-18,766,986
Embers - 49,Embers,49,2026-02-18 16:21,2026-02-18,875,999
Embers - 50,Embers,50,2026-02-18 17:40,2026-02-18,1613,1034
Embers - 51,Embers,51,2026-02-18 17:56,2026-02-18,805,986
Embers - 52,Embers,52,2026-02-18 18:05,2026-02-18,784,940
Embers - 53,Embers,53,2026-02-18 18:50,2026-02-18,797,983
Embers - 54,Embers,54,2026-02-18 19:11,2026-02-18,1087,996
Embers - 55,Embers,55,2026-02-18 19:38,2026-02-18,1014,1023
Embers - 56,Embers,56,2026-02-18 19:58,2026-02-18,899,960
Embers - 57,Embers,57,2026-02-18 20:11,2026-02-18,628,984
Embers - 58,Embers,58,2026-02-18 20:40,2026-02-18,915,972
Embers - 59,Embers,59,2026-02-18 22:06,2026-02-18,303,954
Embers - 60,Embers,60,2026-02-18 22:35,2026-02-18,825,973
Embers - 61,Embers,61,2026-02-18 22:00,2026-02-18,1185,990
Embers - 62,Embers,62,2026-02-18 22:48,2026-02-18,1325,1007
Embers - 63,Embers,63,2026-02-18 22:57,2026-02-18,807,956
Embers - 64,Embers,64,2026-02-18 23:14,2026-02-18,1114,979
Embers - 65,Embers,65,2026-02-18 23:25,2026-02-18,1027,985
Embers - 66,Embers,66,2026-02-18 23:36,2026-02-18,905,989
Roots - 01,Roots,1,2026-02-19 12:56,2026-02-19,752,957
Roots - 02,Roots,2,2026-02-19 15:16,2026-02-19,729,955
Roots - 03,Roots,3,2026-02-21 10:19,2026-02-21,611,956
Roots - 04,Roots,4,2026-02-21 13:06,2026-02-21,645,886
Roots - 05,Roots,5,2026-02-21 13:23,2026-02-21,953,936
Roots - 06,Roots,6,2026-02-21 20:03,2026-02-21,741,989
Roots - 07,Roots,7,2026-02-21 23:30,2026-02-21,657,997
Roots - 08,Roots,8,2026-02-22 18:44,2026-02-22,844,842
Roots - 09,Roots,9,2026-02-22 20:42,2026-02-22,870,861
Roots - 10,Roots,10,2026-02-22 20:59,2026-02-22,848,903
Roots - 11,Roots,11,2026-02-22 21:10,2026-02-22,547,835
Roots - 12,Roots,12,2026-02-22 21:19,2026-02-22,499,833
Roots - 13,Roots,13,2026-02-22 21:29,2026-02-22,638,825
Roots - 14,Roots,14,2026-02-22 21:35,2026-02-22,424,806
Roots - 15,Roots,15,2026-02-22 21:57,2026-02-22,779,849
Roots - 16,Roots,16,2026-02-22 22:09,2026-02-22,607,843
Roots - 17,Roots,17,2026-02-22 22:15,2026-02-22,485,827
Roots - 18,Roots,18,2026-02-22 22:31,2026-02-22,785,825
Roots - 19,Roots,19,2026-02-22 22:37,2026-02-22,512,821
Roots - 20,Roots,20,2026-02-22 22:45,2026-02-22,774,830
Roots - 21,Roots,21,2026-02-22 22:54,2026-02-22,544,818
Roots - 22,Roots,22,2026-02-22 23:04,2026-02-22,740,853
Roots - 23,Roots,23,2026-02-22 23:10,2026-02-22,309,812
Roots - 24,Roots,24,2026-02-22 23:24,2026-02-22,471,795
Roots - 25,Roots,25,2026-02-22 23:28,2026-02-22,495,824
Roots - 26,Roots,26,2026-02-22 23:40,2026-02-22,762,853
Roots - 27,Roots,27,2026-02-22 23:46,2026-02-22,479,802
Roots - 28,Roots,28,2026-02-22 23:54,2026-02-22,544,845
Roots - 29,Roots,29,2026-02-23 00:00,2026-02-23,514,829
Roots - 30,Roots,30,2026-02-23 00:10,2026-02-23,528,821
Roots - 31,Roots,31,2026-02-23 00:19,2026-02-23,616,801
Roots - 32,Roots,32,2026-02-23 09:22,2026-02-23,922,816
Roots - 33,Roots,33,2026-02-23 13:12,2026-02-23,541,809
Roots - 34,Roots,34,2026-02-23 13:22,2026-02-23,611,811
Roots - 35,Roots,35,2026-02-23 13:33,2026-02-23,441,807
Roots - 36,Roots,36,2026-02-23 14:49,2026-02-23,778,861
Roots - 37,Roots,37,2026-02-23 15:07,2026-02-23,486,798
Roots - 38,Roots,38,2026-02-23 15:20,2026-02-23,700,773
Roots - 39,Roots,39,2026-02-23 15:27,2026-02-23,528,749
Roots - 40,Roots,40,2026-02-23 15:43,2026-02-23,841,780
Roots - 41,Roots,41,2026-02-23 16:00,2026-02-23,378,758
Roots - 42,Roots,42,2026-02-23 16:25,2026-02-23,846,786
Roots - 43,Roots,43,2026-02-23 16:34,2026-02-23,727,773
Roots - 44,Roots,44,2026-02-23 17:51,2026-02-23,1106,795
Roots  - 45,Roots,45,2026-02-23 18:16,2026-02-23,829,772
Roots - 46,Roots,46,2026-02-23 20:25,2026-02-23,452,784
Roots - 47,Roots,47,2026-02-23 22:55,2026-02-23,910,803
Roots - 48,Roots,48,2026-02-23 23:01,2026-02-23,298,743
Roots - 49,Roots,49,2026-02-23 23:12,2026-02-23,479,749
Roots - 50,Roots,50,2026-02-23 23:36,2026-02-23,758,737
Roots - 51,Roots,51,2026-02-23 23:43,2026-02-23,350,730
Roots - 52,Roots,52,2026-02-24 00:05,2026-02-24,373,762
Roots - 53,Roots,53,2026-02-24 00:24,2026-02-24,653,810
Roots - 54,Roots,54,2026-02-24 09:33,2026-02-24,504,795
Roots - 55,Roots,55,2026-02-24 11:29,2026-02-24,330,728
Roots  - 56,Roots,56,2026-02-24 11:41,2026-02-24,389,736
Roots  - 57,Roots,57,2026-02-24 11:55,2026-02-24,473,731
Roots - 58,Roots,58,2026-02-24 12:00,2026-02-24,298,707
Roots - 59,Roots,59,2026-02-24 12:25,2026-02-24,814,719
Roots - 60,Roots,60,2026-02-24 13:32,2026-02-24,945,723
Roots - 61,Roots,61,2026-02-24 13:43,2026-02-24,418,749
Roots - 62,Roots,62,2026-02-24 13:51,2026-02-24,716,714
Roots - 63,Roots,63,2026-02-24 14:01,2026-02-24,556,689
Roots - 64,Roots,64,2026-02-24 14:27,2026-02-24,615,740
Roots - 65,Roots,65,2026-02-24 14:31,2026-02-24,480,691
Roots - 66,Roots,66,2026-02-24 14:48,2026-02-24,485,734
Roots - 67,Roots,67,2026-02-24 15:04,2026-02-24,362,681
Roots - 68,Roots,68,2026-02-24 15:07,2026-02-24,315,682
Roots - 69,Roots,69,2026-02-24 15:14,2026-02-24,904,709
Roots - 70,Roots,70,2026-02-24 15:23,2026-02-24,368,692
Roots - 71,Roots,71,2026-02-24 15:27,2026-02-24,326,714
Silence - 01,Silence,1,2026-02-24 15:45,2026-02-24,903,743
Silence - 02,Silence,2,2026-02-24 21:23,2026-02-24,420,676
Silence - 03,Silence,3,2026-02-24 21:36,2026-02-24,628,688
Silence - 04,Silence,4,2026-02-24 20:48,2026-02-24,680,688
Silence - 05,Silence,5,2026-02-24 21:05,2026-02-24,785,697
Silence - 06,Silence,6,2026-02-24 21:11,2026-02-24,444,686
Silence - 07,Silence,7,2026-02-24 21:26,2026-02-24,537,677
Silence - 08,Silence,8,2026-02-24 21:41,2026-02-24,714,662
Silence - 09,Silence,9,2026-02-24 21:52,2026-02-24,503,664
Silence - 10,Silence,10,2026-02-25 17:11,2026-02-25,1030,655
Silence - 11,Silence,11,2026-02-25 17:42,2026-02-25,734,665
Silence  - 12,Silence,12,2026-02-25 17:53,2026-02-25,711,665
Silence - 13,Silence,13,2026-02-25 18:09,2026-02-25,462,642
Silence - 14,Silence,14,2026-02-25 19:44,2026-02-25,548,640
Silence - 15,Silence,15,2026-02-25 20:49,2026-02-25,446,637
Silence - 16,Silence,16,2026-02-25 21:19,2026-02-25,719,637
Silence - 17,Silence,17,2026-02-25 21:51,2026-02-25,554,663
Silence - 18,Silence,18,2026-02-25 22:09,2026-02-25,668,659
Silence - 19,Silence,19,2026-02-25 22:22,2026-02-25,664,703
Silence - 20,Silence,20,2026-02-25 22:38,2026-02-25,631,664
Silence - 21,Silence,21,2026-02-26 11:09,2026-02-26,507,645
Silence - 22,Silence,22,2026-02-26 17:39,2026-02-26,633,636
Silence - 23,Silence,23,2026-02-26 17:47,2026-02-26,566,641
Silence - 24,Silence,24,2026-02-26 18:55,2026-02-26,447,630
Silence - 25,Silence,25,2026-02-26 19:36,2026-02-26,534,630
Silence - 26,Silence,26,2026-02-26 19:57,2026-02-26,746,662
Silence - 27,Silence,27,2026-02-27 15:39,2026-02-27,888,604
Silence - 28,Silence,28,2026-02-27 16:05,2026-02-27,911,623
Silence - 29,Silence,29,2026-02-27 17:56,2026-02-27,729,626
Silence - 30,Silence,30,2026-02-28 21:13,2026-02-28,683,602
Silence - 31,Silence,31,2026-02-28 21:28,2026-02-28,550,618
Silence - 32,Silence,32,2026-02-28 21:57,2026-02-28,1008,630
Silence - 33,Silence,33,2026-03-01 13:59,2026-03-01,522,641
Silence - 34,Silence,34,2026-03-02 22:58,2026-03-02,1053,624
Silence - 35,Silence,35,2026-03-02 23:14,2026-03-02,671,611
Silence - 36,Silence,36,2026-03-02 23:29,2026-03-02,629,620
Silence - 37,Silence,37,2026-03-02 23:48,2026-03-02,836,590
Silence - 38,Silence,38,2026-03-03 00:04,2026-03-03,611,588
Silence - 39,Silence,39,2026-03-03 00:12,2026-03-03,459,575
Silence - 40,Silence,40,2026-03-03 00:38,2026-03-03,783,591
Silence - 41,Silence,41,2026-03-03 01:09,2026-03-03,869,608
Silence - 42,Silence,42,2026-03-03 13:13,2026-03-03,1061,604
Silence - 43,Silence,43,2026-03-03 14:26,2026-03-03,957,602
Silence - 44,Silence,44,2026-03-03 13:46,2026-03-03,769,596
Silence - 45,Silence,45,2026-03-03 15:07,2026-03-03,576,597
Silence - 46,Silence,46,2026-03-03 15:17,2026-03-03,413,592
Silence - 47,Silence,47,2026-03-03 17:47,2026-03-03,881,608
Silence - 48,Silence,48,2026-03-03 17:54,2026-03-03,691,594
Silence - 50,Silence,50,2026-03-03 18:25,2026-03-03,150,582
Silence - 51,Silence,51,2026-03-03 20:32,2026-03-03,633,612
Silence - 52,Silence,52,2026-03-03 20:59,2026-03-03,1008,600
Silence - 53,Silence,53,2026-03-03 21:11,2026-03-03,837,610
Silence - 54,Silence,54,2026-03-03 21:21,2026-03-03,514,617
Silence - 55,Silence,55,2026-03-03 21:31,2026-03-03,592,595
Silence - 56,Silence,56,2026-03-03 21:38,2026-03-03,341,605
Silence - 57,Silence,57,2026-03-03 21:45,2026-03-03,419,603
Silence - 58,Silence,58,2026-03-03 21:57,2026-03-03,541,622
Silence - 59,Silence,59,2026-03-03 22:03,2026-03-03,376,575
Silence - 60,Silence,60,2026-03-03 22:15,2026-03-03,594,580
Silence - 61,Silence,61,2026-03-03 22:25,2026-03-03,580,609
Echoes - 01,Echoes,1,2026-03-04 13:27,2026-03-04,956,632
Echoes - 02,Echoes,2,2026-03-04 13:36,2026-03-04,419,578
Echoes - 03,Echoes,3,2026-03-04 13:44,2026-03-04,354,556
Echoes - 04,Echoes,4,2026-03-04 15:22,2026-03-04,821,599
Echoes - 05,Echoes,5,2026-03-05 23:35,2026-03-05,771,565
Echoes - 06,Echoes,6,2026-03-06 00:10,2026-03-06,829,569
Echoes - 07,Echoes,7,2026-03-06 01:00,2026-03-06,880,534
Echoes - 08,Echoes,8,2026-03-06 01:24,2026-03-06,1001,545
Echoes - 09,Echoes,9,2026-03-07 09:42,2026-03-07,1081,557
Echoes - 10,Echoes,10,2026-03-07 16:18,2026-03-07,1368,523
Echoes - 11,Echoes,11,2026-03-07 16:26,2026-03-07,828,531
Echoes - 12,Echoes,12,2026-03-07 16:38,2026-03-07,932,517
Echoes - 13,Echoes,13,2026-03-07 17:18,2026-03-07,1105,527
Echoes - 14,Echoes,14,2026-03-07 17:35,2026-03-07,1036,549
Echoes - 15,Echoes,15,2026-03-08 11:07,2026-03-08,1131,522
Echoes - 16,Echoes,16,2026-03-09 19:25,2026-03-09,962,484
Echoes - 17,Echoes,17,2026-03-09 20:08,2026-03-09,1001,522
Echoes - 18,Echoes,18,2026-03-09 22:04,2026-03-09,1105,507
Echoes - 19,Echoes,19,2026-03-09 23:46,2026-03-09,1024,525
Echoes - 20,Echoes,20,2026-03-10 00:05,2026-03-10,1042,516
Echoes - 21,Echoes,21,2026-03-10 13:04,2026-03-10,1059,513
Echoes - 22,Echoes,22,2026-03-10 19:28,2026-03-10,1106,510
Echoes - 23,Echoes,23,2026-03-10 19:50,2026-03-10,699,486
Echoes - 24,Echoes,24,2026-03-10 21:11,2026-03-10,1267,513
Echoes - 25,Echoes,25,2026-03-11 17:11,2026-03-11,716,499
Echoes - 26,Echoes,26,2026-03-11 18:52,2026-03-11,593,464
Echoes - 27,Echoes,27,2026-03-11 19:19,2026-03-11,1438,480
Echoes - 28,Echoes,28,2026-03-12 14:03,2026-03-12,973,488
Echoes - 29,Echoes,29,2026-03-12 14:25,2026-03-12,823,469
Echoes - 30,Echoes,30,2026-03-12 15:31,2026-03-12,1195,475
Echoes - 31,Echoes,31,2026-03-13 21:42,2026-03-13,1778,495
Echoes - 32,Echoes,32,2026-03-13 22:15,2026-03-13,883,456
Echoes - 33,Echoes,33,2026-03-15 21:11,2026-03-15,557,469
Echoes - 34,Echoes,34,2026-03-15 21:28,2026-03-15,994,501
Echoes - 35,Echoes,35,2026-03-16 13:18,2026-03-16,695,456
Echoes - 36,Echoes,36,2026-03-16 13:52,2026-03-16,1345,421
Echoes - 37,Echoes,37,2026-03-16 14:06,2026-03-16,617,446
Echoes - 38,Echoes,38,2026-03-17 14:50,2026-03-17,750,458
Echoes - 39,Echoes,39,2026-03-17 19:18,2026-03-17,1015,453
Echoes - 40,Echoes,40,2026-03-18 11:36,2026-03-18,904,437
Echoes - 41,Echoes,41,2026-03-18 12:09,2026-03-18,1231,437
Echoes - 42,Echoes,42,2026-03-18 13:16,2026-03-18,1114,463
Echoes - 43,Echoes,43,2026-03-18 14:22,2026-03-18,1009,432
Echoes - 44,Echoes,44,2026-03-18 16:08,2026-03-18,912,459
Echoes - 45,Echoes,45,2026-03-18 18:20,2026-03-18,1831,442
Echoes - 46,Echoes,46,2026-03-18 19:04,2026-03-18,1359,466
Echoes - 47,Echoes,47,2026-03-19 14:36,2026-03-19,1584,539
Echoes - 48,Echoes,48,2026-03-23 20:31,2026-03-23,727,459
Echoes - 49,Echoes,49,2026-03-24 09:59,2026-03-24,1826,424
Echoes - 50,Echoes,50,2026-03-24 11:22,2026-03-24,767,423
Echoes - 51,Echoes,51,2026-03-24 15:08,2026-03-24,1678,452
Echoes - 52,Echoes,52,2026-03-25 14:34,2026-03-25,1317,430
Echoes - 53,Echoes,53,2026-03-25 18:26,2026-03-25,1097,400
Echoes - 54,Echoes,54,2026-03-25 19:14,2026-03-25,1370,420
Echoes - 55,Echoes,55,2026-03-25 21:13,2026-03-25,1512,405
Echoes - 56,Echoes,56,2026-03-26 14:11,2026-03-26,630,405
Echoes - 57,Echoes,57,2026-03-26 14:39,2026-03-26,972,417
Fractures - 01,Fractures,1,2026-03-26 14:58,2026-03-26,1173,435
Fractures - 02,Fractures,2,2026-03-26 19:52,2026-03-26,1185,416
Fractures - 03,Fractures,3,2026-03-27 13:10,2026-03-27,1294,410
Fractures - 04,Fractures,4,2026-03-27 13:22,2026-03-27,1436,411
Fractures - 05,Fractures,5,2026-03-27 13:43,2026-03-27,1361,386
Fractures - 06,Fractures,6,2026-03-27 14:09,2026-03-27,1410,363
Fractures - 07,Fractures,7,2026-03-27 15:36,2026-03-27,1769,392
Fractures - 08,Fractures,8,2026-03-29 21:34,2026-03-29,573,362
Fractures - 09,Fractures,9,2026-03-29 21:46,2026-03-29,1194,368
Fractures - 10,Fractures,10,2026-03-29 22:49,2026-03-29,1607,357
Fractures - 11,Fractures,11,2026-03-29 23:16,2026-03-29,1318,363
Fractures - 12,Fractures,12,2026-03-29 23:51,2026-03-29,1524,367
Fractures - 13,Fractures,13,2026-03-30 00:25,2026-03-30,1455,376
Fractures - 14,Fractures,14,2026-03-30 12:35,2026-03-30,777,367
Fractures - 15,Fractures,15,2026-03-30 12:59,2026-03-30,1141,429
Fractures - 16,Fractures,16,2026-03-30 13:16,2026-03-30,1167,373
Fractures - 17,Fractures,17,2026-03-30 13:44,2026-03-30,1400,376
Fractures - 18,Fractures,18,2026-03-30 14:07,2026-03-30,1277,342
Fractures - 19,Fractures,19,2026-03-31 12:43,2026-03-31,1473,371
Fractures - 20,Fractures,20,2026-03-31 13:30,2026-03-31,807,362
Fractures - 21,Fractures,21,2026-03-31 13:56,2026-03-31,784,381
Fractures - 22,Fractures,22,2026-03-31 14:18,2026-03-31,1070,352
Fractures - 23,Fractures,23,2026-03-31 15:49,2026-03-31,1422,346
Fractures - 24,Fractures,24,2026-04-01 15:47,2026-04-01,1506,336
Fractures - 25,Fractures,25,2026-04-01 17:24,2026-04-01,1563,316
Fractures - 26,Fractures,26,2026-04-01 18:27,2026-04-01,1655,324
Fractures - 27,Fractures,27,2026-04-02 13:42,2026-04-02,1248,331
Fractures - 28,Fractures,28,2026-04-02 14:22,2026-04-02,1412,334
Fractures - 29,Fractures,29,2026-04-02 21:05,2026-04-02,1874,352
Fractures - 30,Fractures,30,2026-04-07 08:49,2026-04-07,1758,325
Fractures - 31,Fractures,31,2026-04-07 12:51,2026-04-07,1498,322
Fractures - 32,Fractures,32,2026-04-07 13:57,2026-04-07,1196,327
Fractures - 33,Fractures,33,2026-04-07 14:38,2026-04-07,1691,346
Fractures - 34,Fractures,34,2026-04-08 11:36,2026-04-08,1234,335
Fractures - 35,Fractures,35,2026-04-08 14:29,2026-04-08,1257,344
Fractures - 36,Fractures,36,2026-04-08 15:57,2026-04-08,2030,334
Fractures - 37,Fractures,37,2026-04-09 14:00,2026-04-09,1199,287
Fractures - 38,Fractures,38,2026-04-09 15:00,2026-04-09,2171,288
Fractures - 39,Fractures,39,2026-04-09 16:00,2026-04-09,956,294
Fractures - 40,Fractures,40,2026-04-09 17:00,2026-04-09,1338,333
Fractures - 41,Fractures,41,2026-04-10 11:54,2026-04-10,1364,300
Fractures - 42,Fractures,42,2026-04-10 13:44,2026-04-10,1297,282
Fractures - 43,Fractures,43,2026-04-10 15:00,2026-04-10,1445,325
Fractures - 44,Fractures,44,2026-04-10 15:02,2026-04-10,747,301
Fractures - 45,Fractures,45,2026-04-10 19:47,2026-04-10,2108,316
Fractures - 46,Fractures,46,2026-04-11 07:28,2026-04-11,1428,302
Fractures - 47,Fractures,47,2026-04-11 09:30,2026-04-11,1380,312
Fractures - 48,Fractures,48,2026-04-11 11:04,2026-04-11,1134,294
Fractures - 49,Fractures,49,2026-04-11 11:05,2026-04-11,953,324
Mirrors - 01,Mirrors,1,2026-04-13 13:42,2026-04-13,1226,363
Mirrors - 02,Mirrors,2,2026-04-13 16:36,2026-04-13,1207,470
Mirrors - 03,Mirrors,3,2026-04-14 15:31,2026-04-14,878,359
Mirrors - 04,Mirrors,4,2026-04-14 16:06,2026-04-14,1253,348
Mirrors - 05,Mirrors,5,2026-04-14 23:37,2026-04-14,1269,366
Mirrors - 06,Mirrors,6,2026-04-15 11:07,2026-04-15,1320,304
Mirrors - 07,Mirrors,7,2026-04-15 15:05,2026-04-15,833,367
Mirrors - 08,Mirrors,8,2026-04-16 11:58,2026-04-16,1106,315
Mirrors - 09,Mirrors,9,2026-04-16 12:21,2026-04-16,545,305
Mirrors - 10,Mirrors,10,2026-04-16 12:44,2026-04-16,940,323
Mirrors - 11,Mirrors,11,2026-04-16 13:55,2026-04-16,942,308
Mirrors - 12,Mirrors,12,2026-04-17 07:55,2026-04-17,1116,291
Mirrors - 13,Mirrors,13,2026-04-17 19:53,2026-04-17,1146,267
Mirrors - 14,Mirrors,14,2026-04-17 22:10,2026-04-17,1131,285
Mirrors - 15,Mirrors,15,2026-04-19 22:55,2026-04-19,1016,285
Mirrors - 16,Mirrors,16,2026-04-20 22:31,2026-04-20,1161,265
Mirrors - 17,Mirrors,17,2026-04-20 22:47,2026-04-20,1052,275
Mirrors - 18,Mirrors,18,2026-04-20 21:00,2026-04-20,838,284
Mirrors - 19,Mirrors,19,2026-04-20 21:41,2026-04-20,1209,256
Mirrors - 20,Mirrors,20,2026-04-20 22:01,2026-04-20,1002,276
Mirrors - 21,Mirrors,21,2026-04-20 22:21,2026-04-20,978,261
Mirrors - 22,Mirrors,22,2026-04-21 11:01,2026-04-21,779,263
Mirrors - 23,Mirrors,23,2026-04-21 13:09,2026-04-21,738,253
Mirrors - 24,Mirrors,24,2026-04-21 13:37,2026-04-21,1059,235
Mirrors - 25,Mirrors,25,2026-04-21 14:02,2026-04-21,832,254
Mirrors - 26,Mirrors,26,2026-04-21 14:21,2026-04-21,866,254
Mirrors - 27,Mirrors,27,2026-04-21 18:28,2026-04-21,1026,251
Mirrors - 28,Mirrors,28,2026-04-21 21:01,2026-04-21,1206,272
Mirrors - 29,Mirrors,29,2026-04-22 13:51,2026-04-22,1004,251
Mirrors - 30,Mirrors,30,2026-04-22 14:20,2026-04-22,834,261
Mirrors - 31,Mirrors,31,2026-04-22 15:01,2026-04-22,696,265
Mirrors - 32,Mirrors,32,2026-04-22 15:59,2026-04-22,1172,240
Mirrors - 33,Mirrors,33,2026-04-22 19:36,2026-04-22,1081,233
Mirrors - 34,Mirrors,34,2026-04-22 19:51,2026-04-22,1069,248
Mirrors - 35,Mirrors,35,2026-04-23 11:07,2026-04-23,1099,267
Mirrors - 36,Mirrors,36,2026-04-23 11:58,2026-04-23,952,236
Mirrors - 37,Mirrors,37,2026-04-23 14:00,2026-04-23,857,227
Mirrors - 38,Mirrors,38,2026-04-23 17:19,2026-04-23,851,243
Mirrors - 39,Mirrors,39,2026-04-23 17:42,2026-04-23,789,251
Mirrors - 40,Mirrors,40,2026-04-23 18:00,2026-04-23,971,242
Mirrors - 41,Mirrors,41,2026-04-24 20:34,2026-04-24,829,269
Mirrors - 42,Mirrors,42,2026-04-24 20:53,2026-04-24,1063,230
Mirrors - 43,Mirrors,43,2026-04-24 21:17,2026-04-24,983,230
Mirrors - 44,Mirrors,44,2026-04-24 21:30,2026-04-24,741,242
Mirrors - 45,Mirrors,45,2026-04-25 20:35,2026-04-25,808,203
Mirrors - 46,Mirrors,46,2026-04-25 20:46,2026-04-25,761,253
Mirrors - 47,Mirrors,47,2026-04-25 21:13,2026-04-25,769,250
Mirrors - 48,Mirrors,48,2026-04-25 21:32,2026-04-25,675,243
Mirrors - 49,Mirrors,49,2026-04-25 21:57,2026-04-25,1018,245
Clouds - 01,Clouds,1,2026-04-25 22:12,2026-04-25,775,296
Clouds - 02,Clouds,2,2026-04-27 08:59,2026-04-27,887,248
Clouds - 03,Clouds,3,2026-04-27 09:46,2026-04-27,763,259
Clouds - 04,Clouds,4,2026-04-27 10:47,2026-04-27,1168,207
Clouds - 05,Clouds,5,2026-04-28 14:00,2026-04-28,748,202
Clouds - 06,Clouds,6,2026-04-28 20:53,2026-04-28,929,191
Clouds - 07,Clouds,7,2026-04-28 21:48,2026-04-28,926,204
Clouds - 08,Clouds,8,2026-04-28 22:05,2026-04-28,888,194
Clouds - 09,Clouds,9,2026-04-29 09:21,2026-04-29,843,199
Clouds - 10,Clouds,10,2026-04-29 14:14,2026-04-29,964,195
Clouds - 11,Clouds,11,2026-04-29 14:31,2026-04-29,650,202
Clouds - 12,Clouds,12,2026-04-29 19:33,2026-04-29,562,192
Clouds - 13,Clouds,13,2026-04-29 20:09,2026-04-29,1049,197
Clouds - 14,Clouds,14,2026-04-30 10:59,2026-04-30,971,197
Clouds - 15,Clouds,15,2026-04-30 13:20,2026-04-30,824,224
Clouds - 16,Clouds,16,2026-04-30 13:54,2026-04-30,719,206
Clouds - 17,Clouds,17,2026-04-30 21:07,2026-04-30,747,201
Clouds - 18,Clouds,18,2026-04-30 21:43,2026-04-30,456,191
Clouds -19,Clouds,19,2026-05-03 19:20,2026-05-03,895,199
Clouds - 20,Clouds,20,2026-05-03 20:26,2026-05-03,910,195
Clouds - 21,Clouds,21,2026-05-03 20:53,2026-05-03,1024,189
Clouds - 22,Clouds,22,2026-05-03 21:15,2026-05-03,1100,169
Clouds - 23,Clouds,23,2026-05-03 21:28,2026-05-03,1035,163
Clouds - 24,Clouds,24,2026-05-03 22:47,2026-05-03,1071,213
Clouds - 25,Clouds,25,2026-05-03 23:03,2026-05-03,914,175
Clouds - 26,Clouds,26,2026-05-04 20:03,2026-05-04,991,145
Clouds - 27,Clouds,27,2026-05-04 21:04,2026-05-04,1180,157
Clouds - 28,Clouds,28,2026-05-04 21:18,2026-05-04,826,164
Clouds - 29,Clouds,29,2026-05-05 11:54,2026-05-05,836,149
Clouds - 30,Clouds,30,2026-05-05 12:41,2026-05-05,693,152
Clouds - 31,Clouds,31,2026-05-05 14:57,2026-05-05,911,145
Clouds - 32,Clouds,32,2026-05-05 23:51,2026-05-05,1011,147
Clouds - 33,Clouds,33,2026-05-06 16:00,2026-05-06,1027,163
Clouds - 34,Clouds,34,2026-05-06 16:04,2026-05-06,1163,151
Clouds - 35,Clouds,35,2026-05-07 16:00,2026-05-07,962,145
Clouds - 36,Clouds,36,2026-05-07 16:04,2026-05-07,477,159
Clouds - 37,Clouds,37,2026-05-07 16:06,2026-05-07,737,153
Clouds - 38,Clouds,38,2026-05-07 16:10,2026-05-07,1576,156
Clouds - 39,Clouds,39,2026-05-07 16:12,2026-05-07,583,150
Clouds - 40,Clouds,40,2026-05-07 16:16,2026-05-07,862,157
Clouds - 41,Clouds,41,2026-05-07 16:18,2026-05-07,606,146
Clouds - 42,Clouds,42,2026-05-07 16:22,2026-05-07,606,155
Clouds - 43,Clouds,43,2026-05-07 16:24,2026-05-07,581,169
Clouds - 44,Clouds,44,2026-05-07 16:28,2026-05-07,595,154
Clouds - 45,Clouds,45,2026-05-07 16:30,2026-05-07,675,156
Clouds - 46,Clouds,46,2026-05-07 16:34,2026-05-07,606,165
Clouds - 47,Clouds,47,2026-05-07 16:36,2026-05-07,644,168
Clouds - 48,Clouds,48,2026-05-07 16:40,2026-05-07,896,159
Clouds - 49,Clouds,49,2026-05-07 14:42,2026-05-07,586,158
Clouds - 50,Clouds,50,2026-05-07 14:46,2026-05-07,629,163
Clouds - 51,Clouds,51,2026-05-07 19:32,2026-05-07,591,177
Clouds - 52,Clouds,52,2026-05-07 19:54,2026-05-07,682,156
Clouds - 53,Clouds,53,2026-05-07 20:10,2026-05-07,687,167
Clouds - 54,Clouds,54,2026-05-07 20:27,2026-05-07,749,168
Clouds - 55,Clouds,55,2026-05-07 20:43,2026-05-07,574,209
Clouds - 56,Clouds,56,2026-05-12 10:53,2026-05-12,837,150
Clouds - 57,Clouds,57,2026-05-12 11:09,2026-05-12,901,145
Clouds - 58,Clouds,58,2026-05-12 12:05,2026-05-12,783,150
Clouds - 59,Clouds,59,2026-05-12 12:29,2026-05-12,707,149
Clouds - 60,Clouds,60,2026-05-12 12:56,2026-05-12,855,156
Clouds - 61,Clouds,61,2026-05-12 13:16,2026-05-12,731,153
Clouds - 62,Clouds,62,2026-05-12 14:07,2026-05-12,922,162
Clouds - 63,Clouds,63,2026-05-12 14:33,2026-05-12,1024,160
Clouds - 64,Clouds,64,2026-05-12 15:36,2026-05-12,908,156
Clouds - 65,Clouds,65,2026-05-12 15:54,2026-05-12,788,164
Clouds - 66,Clouds,66,2026-05-12 16:09,2026-05-12,700,166
Clouds - 67,Clouds,67,2026-05-12 16:26,2026-05-12,830,172
Clouds - 68,Clouds,68,2026-05-12 16:53,2026-05-12,1284,216
Afterword,Afterword,,2026-05-12 19:12,2026-05-12,1829,228
Available on Amazon,Available on Amazon,,2026-05-15 00:25,2026-05-15,127,214
Origins,Origins,,2026-05-19 14:09,2026-05-19,193,181
