date,views
2026-03-08,797
2026-03-09,428
2026-03-10,1198
2026-03-11,805
2026-03-12,472
2026-03-13,1296
2026-03-14,393
2026-03-15,459
2026-03-16,317
2026-03-17,518
2026-03-18,395
2026-03-19,255
2026-03-20,213
2026-03-21,948
2026-03-22,127
2026-03-23,196
2026-03-24,2853
2026-03-25,797
2026-03-26,1017
2026-03-27,358
2026-03-28,71
2026-03-29,1492
2026-03-30,1227
2026-03-31,1112
2026-04-01,305
2026-04-02,785
2026-04-03,1887
2026-04-04,220
2026-04-05,311
2026-04-06,2669
2026-04-07,3278
2026-04-08,2430
2026-04-09,4106
2026-04-10,2995
2026-04-11,3121
2026-04-12,2161
2026-04-13,2816
2026-04-14,3555
2026-04-15,4696
2026-04-16,5230
2026-04-17,4903
2026-04-18,3199
2026-04-19,4528
2026-04-20,4543
2026-04-21,5535
2026-04-22,5818
2026-04-23,6106
2026-04-24,3705
2026-04-25,4811
2026-04-26,4604
2026-04-27,3301
2026-04-28,3883
2026-04-29,2977
2026-04-30,2859
2026-05-01,3330
2026-05-02,3827
2026-05-03,3080
2026-05-04,2715
2026-05-05,3742
2026-05-06,1691
2026-05-07,3577
2026-05-08,2614
2026-05-09,2488
2026-05-10,1806
2026-05-11,2282
2026-05-12,4331
2026-05-13,4175
2026-05-14,3764
2026-05-15,3235
2026-05-16,3335
2026-05-17,2111
2026-05-18,3545
2026-05-19,2212
2026-05-20,1677
2026-05-21,3263
2026-05-22,1229
2026-05-23,1870
2026-05-24,1764
2026-05-25,667
2026-05-26,1235
2026-05-27,1056
2026-05-28,641
2026-05-29,292
2026-05-30,440
2026-05-31,1174
2026-06-01,1247
2026-06-02,1016
2026-06-03,379
2026-06-04,228
2026-06-05,151
2026-06-06,534
2026-06-07,425
2026-06-08,222
2026-06-09,282
2026-06-10,345
2026-06-11,696
2026-06-12,643
2026-06-13,419
2026-06-14,163
2026-06-15,1202
2026-06-16,458
2026-06-17,358
2026-06-18,831
2026-06-19,385
2026-06-20,1094
2026-06-21,286
2026-06-22,798
2026-06-23,341
2026-06-24,266
2026-06-25,626
2026-06-26,716
2026-06-27,627
2026-06-28,473
2026-06-29,601
2026-06-30,726
2026-07-01,935
2026-07-02,553
2026-07-03,488
2026-07-04,19
2026-07-05,26
2026-07-06,103
2026-07-07,75
2026-07-08,156
2026-07-09,152
2026-07-10,49
2026-07-11,556
2026-07-12,712
2026-07-13,385
2026-07-14,321
2026-07-15,149
2026-07-16,222
2026-07-17,35
2026-07-18,28
2026-07-19,338
2026-07-20,799
2026-07-21,188
2026-07-22,250
2026-07-23,158
2026-07-24,378
2026-07-25,236
2026-07-26,83
2026-07-27,200
2026-07-28,417
2026-07-29,581
2026-07-30,224
2026-07-31,97
2026-08-01,157
2026-08-02,59
2026-08-03,469
2026-08-04,78
2026-08-05,83
2026-08-06,93
2026-08-07,136
2026-08-08,75
2026-08-09,559
2026-08-10,152
2026-08-11,27
2026-08-12,73
2026-08-13,52
2026-08-14,17
2026-08-15,23
2026-08-16,17
2026-08-17,29
2026-08-18,29
2026-08-19,183
2026-08-20,86
2026-08-21,891
2026-08-22,143
2026-08-23,214
2026-08-24,44
2026-08-25,70
2026-08-26,23
2026-08-27,458
2026-08-28,39
2026-08-29,927
2026-08-30,45
2026-08-31,478
2026-09-01,123
2026-09-02,28
2026-09-03,50
2026-09-04,87
2026-09-05,120
2026-09-06,252
2026-09-07,75
